"DATE_NAME","DATE_CODE","GEOGRAPHY_NAME","GEOGRAPHY_CODE","SEX_NAME","AGE_NAME","OBS_VALUE","OBS_STATUS"
"2024","2024","Darlington","E06000005","Total","All ages",112489,"A"
"2024","2024","County Durham","E06000047","Total","All ages",538011,"A"
"2024","2024","Hartlepool","E06000001","Total","All ages",98180,"A"
"2024","2024","Middlesbrough","E06000002","Total","All ages",156161,"A"
"2024","2024","Northumberland","E06000057","Total","All ages",331420,"A"
"2024","2024","Redcar and Cleveland","E06000003","Total","All ages",139228,"A"
"2024","2024","Stockton-on-Tees","E06000004","Total","All ages",206800,"A"
"2024","2024","Gateshead","E08000037","Total","All ages",202760,"A"
"2024","2024","Newcastle upon Tyne","E08000021","Total","All ages",320605,"A"
"2024","2024","North Tyneside","E08000022","Total","All ages",215025,"A"
"2024","2024","South Tyneside","E08000023","Total","All ages",151393,"A"
"2024","2024","Sunderland","E08000024","Total","All ages",288606,"A"
"2024","2024","Blackburn with Darwen","E06000008","Total","All ages",162540,"A"
"2024","2024","Blackpool","E06000009","Total","All ages",144191,"A"
"2024","2024","Cheshire East","E06000049","Total","All ages",421298,"A"
"2024","2024","Cheshire West and Chester","E06000050","Total","All ages",371652,"A"
"2024","2024","Halton","E06000006","Total","All ages",131543,"A"
"2024","2024","Warrington","E06000007","Total","All ages",215391,"A"
"2024","2024","Allerdale","E07000026","Total","All ages",,"Q"
"2024","2024","Barrow-in-Furness","E07000027","Total","All ages",,"Q"
"2024","2024","Carlisle","E07000028","Total","All ages",,"Q"
"2024","2024","Copeland","E07000029","Total","All ages",,"Q"
"2024","2024","Eden","E07000030","Total","All ages",,"Q"
"2024","2024","South Lakeland","E07000031","Total","All ages",,"Q"
"2024","2024","Bolton","E08000001","Total","All ages",310085,"A"
"2024","2024","Bury","E08000002","Total","All ages",198921,"A"
"2024","2024","Manchester","E08000003","Total","All ages",589670,"A"
"2024","2024","Oldham","E08000004","Total","All ages",251560,"A"
"2024","2024","Rochdale","E08000005","Total","All ages",235561,"A"
"2024","2024","Salford","E08000006","Total","All ages",294348,"A"
"2024","2024","Stockport","E08000007","Total","All ages",303929,"A"
"2024","2024","Tameside","E08000008","Total","All ages",239643,"A"
"2024","2024","Trafford","E08000009","Total","All ages",241025,"A"
"2024","2024","Wigan","E08000010","Total","All ages",344922,"A"
"2024","2024","Burnley","E07000117","Total","All ages",99233,"A"
"2024","2024","Chorley","E07000118","Total","All ages",120839,"A"
"2024","2024","Fylde","E07000119","Total","All ages",85447,"A"
"2024","2024","Hyndburn","E07000120","Total","All ages",86058,"A"
"2024","2024","Lancaster","E07000121","Total","All ages",145006,"A"
"2024","2024","Pendle","E07000122","Total","All ages",99777,"A"
"2024","2024","Preston","E07000123","Total","All ages",162864,"A"
"2024","2024","Ribble Valley","E07000124","Total","All ages",65794,"A"
"2024","2024","Rossendale","E07000125","Total","All ages",73045,"A"
"2024","2024","South Ribble","E07000126","Total","All ages",116113,"A"
"2024","2024","West Lancashire","E07000127","Total","All ages",121995,"A"
"2024","2024","Wyre","E07000128","Total","All ages",118743,"A"
"2024","2024","Knowsley","E08000011","Total","All ages",162565,"A"
"2024","2024","Liverpool","E08000012","Total","All ages",508961,"A"
"2024","2024","Sefton","E08000014","Total","All ages",286281,"A"
"2024","2024","St. Helens","E08000013","Total","All ages",188861,"A"
"2024","2024","Wirral","E08000015","Total","All ages",328873,"A"
"2024","2024","East Riding of Yorkshire","E06000011","Total","All ages",355884,"A"
"2024","2024","Kingston upon Hull, City of","E06000010","Total","All ages",275401,"A"
"2024","2024","North East Lincolnshire","E06000012","Total","All ages",159911,"A"
"2024","2024","North Lincolnshire","E06000013","Total","All ages",171336,"A"
"2024","2024","York","E06000014","Total","All ages",209301,"A"
"2024","2024","Craven","E07000163","Total","All ages",,"Q"
"2024","2024","Hambleton","E07000164","Total","All ages",,"Q"
"2024","2024","Harrogate","E07000165","Total","All ages",,"Q"
"2024","2024","Richmondshire","E07000166","Total","All ages",,"Q"
"2024","2024","Ryedale","E07000167","Total","All ages",,"Q"
"2024","2024","Scarborough","E07000168","Total","All ages",,"Q"
"2024","2024","Selby","E07000169","Total","All ages",,"Q"
"2024","2024","Barnsley","E08000016","Total","All ages",251770,"A"
"2024","2024","Doncaster","E08000017","Total","All ages",319765,"A"
"2024","2024","Rotherham","E08000018","Total","All ages",276595,"A"
"2024","2024","Sheffield","E08000019","Total","All ages",582493,"A"
"2024","2024","Bradford","E08000032","Total","All ages",563605,"A"
"2024","2024","Calderdale","E08000033","Total","All ages",210929,"A"
"2024","2024","Kirklees","E08000034","Total","All ages",447847,"A"
"2024","2024","Leeds","E08000035","Total","All ages",845189,"A"
"2024","2024","Wakefield","E08000036","Total","All ages",367666,"A"
"2024","2024","Derby","E06000015","Total","All ages",274149,"A"
"2024","2024","Leicester","E06000016","Total","All ages",388348,"A"
"2024","2024","Nottingham","E06000018","Total","All ages",331077,"A"
"2024","2024","Rutland","E06000017","Total","All ages",41443,"A"
"2024","2024","Amber Valley","E07000032","Total","All ages",130451,"A"
"2024","2024","Bolsover","E07000033","Total","All ages",83773,"A"
"2024","2024","Chesterfield","E07000034","Total","All ages",106045,"A"
"2024","2024","Derbyshire Dales","E07000035","Total","All ages",71757,"A"
"2024","2024","Erewash","E07000036","Total","All ages",114253,"A"
"2024","2024","High Peak","E07000037","Total","All ages",91959,"A"
"2024","2024","North East Derbyshire","E07000038","Total","All ages",106646,"A"
"2024","2024","South Derbyshire","E07000039","Total","All ages",117493,"A"
"2024","2024","Blaby","E07000129","Total","All ages",108165,"A"
"2024","2024","Charnwood","E07000130","Total","All ages",188385,"A"
"2024","2024","Harborough","E07000131","Total","All ages",104713,"A"
"2024","2024","Hinckley and Bosworth","E07000132","Total","All ages",116682,"A"
"2024","2024","Melton","E07000133","Total","All ages",54052,"A"
"2024","2024","North West Leicestershire","E07000134","Total","All ages",111881,"A"
"2024","2024","Oadby and Wigston","E07000135","Total","All ages",61695,"A"
"2024","2024","Boston","E07000136","Total","All ages",71080,"A"
"2024","2024","East Lindsey","E07000137","Total","All ages",145183,"A"
"2024","2024","Lincoln","E07000138","Total","All ages",105114,"A"
"2024","2024","North Kesteven","E07000139","Total","All ages",122468,"A"
"2024","2024","South Holland","E07000140","Total","All ages",99298,"A"
"2024","2024","South Kesteven","E07000141","Total","All ages",147151,"A"
"2024","2024","West Lindsey","E07000142","Total","All ages",99208,"A"
"2024","2024","Corby","E07000150","Total","All ages",,"Q"
"2024","2024","Daventry","E07000151","Total","All ages",,"Q"
"2024","2024","East Northamptonshire","E07000152","Total","All ages",,"Q"
"2024","2024","Kettering","E07000153","Total","All ages",,"Q"
"2024","2024","Northampton","E07000154","Total","All ages",,"Q"
"2024","2024","South Northamptonshire","E07000155","Total","All ages",,"Q"
"2024","2024","Wellingborough","E07000156","Total","All ages",,"Q"
"2024","2024","Ashfield","E07000170","Total","All ages",129572,"A"
"2024","2024","Bassetlaw","E07000171","Total","All ages",124937,"A"
"2024","2024","Broxtowe","E07000172","Total","All ages",114565,"A"
"2024","2024","Gedling","E07000173","Total","All ages",120179,"A"
"2024","2024","Mansfield","E07000174","Total","All ages",113138,"A"
"2024","2024","Newark and Sherwood","E07000175","Total","All ages",127886,"A"
"2024","2024","Rushcliffe","E07000176","Total","All ages",126736,"A"
"2024","2024","Herefordshire, County of","E06000019","Total","All ages",191047,"A"
"2024","2024","Shropshire","E06000051","Total","All ages",332455,"A"
"2024","2024","Stoke-on-Trent","E06000021","Total","All ages",270425,"A"
"2024","2024","Telford and Wrekin","E06000020","Total","All ages",195952,"A"
"2024","2024","Cannock Chase","E07000192","Total","All ages",104088,"A"
"2024","2024","East Staffordshire","E07000193","Total","All ages",129659,"A"
"2024","2024","Lichfield","E07000194","Total","All ages",111932,"A"
"2024","2024","Newcastle-under-Lyme","E07000195","Total","All ages",127727,"A"
"2024","2024","South Staffordshire","E07000196","Total","All ages",114423,"A"
"2024","2024","Stafford","E07000197","Total","All ages",141556,"A"
"2024","2024","Staffordshire Moorlands","E07000198","Total","All ages",96651,"A"
"2024","2024","Tamworth","E07000199","Total","All ages",81117,"A"
"2024","2024","North Warwickshire","E07000218","Total","All ages",67117,"A"
"2024","2024","Nuneaton and Bedworth","E07000219","Total","All ages",141565,"A"
"2024","2024","Rugby","E07000220","Total","All ages",122378,"A"
"2024","2024","Stratford-on-Avon","E07000221","Total","All ages",146258,"A"
"2024","2024","Warwick","E07000222","Total","All ages",154889,"A"
"2024","2024","Birmingham","E08000025","Total","All ages",1183618,"A"
"2024","2024","Coventry","E08000026","Total","All ages",369026,"A"
"2024","2024","Dudley","E08000027","Total","All ages",331930,"A"
"2024","2024","Sandwell","E08000028","Total","All ages",353860,"A"
"2024","2024","Solihull","E08000029","Total","All ages",221242,"A"
"2024","2024","Walsall","E08000030","Total","All ages",295678,"A"
"2024","2024","Wolverhampton","E08000031","Total","All ages",281251,"A"
"2024","2024","Bromsgrove","E07000234","Total","All ages",101685,"A"
"2024","2024","Malvern Hills","E07000235","Total","All ages",83227,"A"
"2024","2024","Redditch","E07000236","Total","All ages",87847,"A"
"2024","2024","Worcester","E07000237","Total","All ages",106671,"A"
"2024","2024","Wychavon","E07000238","Total","All ages",138017,"A"
"2024","2024","Wyre Forest","E07000239","Total","All ages",103913,"A"
"2024","2024","Bedford","E06000055","Total","All ages",194976,"A"
"2024","2024","Central Bedfordshire","E06000056","Total","All ages",315877,"A"
"2024","2024","Luton","E06000032","Total","All ages",239090,"A"
"2024","2024","Peterborough","E06000031","Total","All ages",223655,"A"
"2024","2024","Southend-on-Sea","E06000033","Total","All ages",185256,"A"
"2024","2024","Thurrock","E06000034","Total","All ages",180989,"A"
"2024","2024","Cambridge","E07000008","Total","All ages",149352,"A"
"2024","2024","East Cambridgeshire","E07000009","Total","All ages",92906,"A"
"2024","2024","Fenland","E07000010","Total","All ages",104896,"A"
"2024","2024","Huntingdonshire","E07000011","Total","All ages",190619,"A"
"2024","2024","South Cambridgeshire","E07000012","Total","All ages",172544,"A"
"2024","2024","Basildon","E07000066","Total","All ages",193632,"A"
"2024","2024","Braintree","E07000067","Total","All ages",164304,"A"
"2024","2024","Brentwood","E07000068","Total","All ages",79326,"A"
"2024","2024","Castle Point","E07000069","Total","All ages",90581,"A"
"2024","2024","Chelmsford","E07000070","Total","All ages",188803,"A"
"2024","2024","Colchester","E07000071","Total","All ages",200222,"A"
"2024","2024","Epping Forest","E07000072","Total","All ages",137451,"A"
"2024","2024","Harlow","E07000073","Total","All ages",98235,"A"
"2024","2024","Maldon","E07000074","Total","All ages",69131,"A"
"2024","2024","Rochford","E07000075","Total","All ages",89815,"A"
"2024","2024","Tendring","E07000076","Total","All ages",156759,"A"
"2024","2024","Uttlesford","E07000077","Total","All ages",95106,"A"
"2024","2024","Broxbourne","E07000095","Total","All ages",101900,"A"
"2024","2024","Dacorum","E07000096","Total","All ages",161420,"A"
"2024","2024","East Hertfordshire","E07000242","Total","All ages",156875,"A"
"2024","2024","Hertsmere","E07000098","Total","All ages",110212,"A"
"2024","2024","North Hertfordshire","E07000099","Total","All ages",137201,"A"
"2024","2024","St Albans","E07000240","Total","All ages",151012,"A"
"2024","2024","Stevenage","E07000243","Total","All ages",91774,"A"
"2024","2024","Three Rivers","E07000102","Total","All ages",95807,"A"
"2024","2024","Watford","E07000103","Total","All ages",107171,"A"
"2024","2024","Welwyn Hatfield","E07000241","Total","All ages",122819,"A"
"2024","2024","Breckland","E07000143","Total","All ages",146620,"A"
"2024","2024","Broadland","E07000144","Total","All ages",138157,"A"
"2024","2024","Great Yarmouth","E07000145","Total","All ages",100529,"A"
"2024","2024","King's Lynn and West Norfolk","E07000146","Total","All ages",156206,"A"
"2024","2024","North Norfolk","E07000147","Total","All ages",103217,"A"
"2024","2024","Norwich","E07000148","Total","All ages",147182,"A"
"2024","2024","South Norfolk","E07000149","Total","All ages",148448,"A"
"2024","2024","Babergh","E07000200","Total","All ages",97033,"A"
"2024","2024","Ipswich","E07000202","Total","All ages",140274,"A"
"2024","2024","East Suffolk","E07000244","Total","All ages",249664,"A"
"2024","2024","Mid Suffolk","E07000203","Total","All ages",110775,"A"
"2024","2024","West Suffolk","E07000245","Total","All ages",188485,"A"
"2024","2024","Camden","E09000007","Total","All ages",216943,"A"
"2024","2024","City of London","E09000001","Total","All ages",15111,"A"
"2024","2024","Hackney","E09000012","Total","All ages",266758,"A"
"2024","2024","Hammersmith and Fulham","E09000013","Total","All ages",188687,"A"
"2024","2024","Haringey","E09000014","Total","All ages",263850,"A"
"2024","2024","Islington","E09000019","Total","All ages",223024,"A"
"2024","2024","Kensington and Chelsea","E09000020","Total","All ages",144518,"A"
"2024","2024","Lambeth","E09000022","Total","All ages",316920,"A"
"2024","2024","Lewisham","E09000023","Total","All ages",301255,"A"
"2024","2024","Newham","E09000025","Total","All ages",374523,"A"
"2024","2024","Southwark","E09000028","Total","All ages",314786,"A"
"2024","2024","Tower Hamlets","E09000030","Total","All ages",331886,"A"
"2024","2024","Wandsworth","E09000032","Total","All ages",337655,"A"
"2024","2024","Westminster","E09000033","Total","All ages",209996,"A"
"2024","2024","Barking and Dagenham","E09000002","Total","All ages",232747,"A"
"2024","2024","Barnet","E09000003","Total","All ages",405050,"A"
"2024","2024","Bexley","E09000004","Total","All ages",256434,"A"
"2024","2024","Brent","E09000005","Total","All ages",352976,"A"
"2024","2024","Bromley","E09000006","Total","All ages",335319,"A"
"2024","2024","Croydon","E09000008","Total","All ages",409342,"A"
"2024","2024","Ealing","E09000009","Total","All ages",385985,"A"
"2024","2024","Enfield","E09000010","Total","All ages",327434,"A"
"2024","2024","Greenwich","E09000011","Total","All ages",299528,"A"
"2024","2024","Harrow","E09000015","Total","All ages",270724,"A"
"2024","2024","Havering","E09000016","Total","All ages",276274,"A"
"2024","2024","Hillingdon","E09000017","Total","All ages",329185,"A"
"2024","2024","Hounslow","E09000018","Total","All ages",299424,"A"
"2024","2024","Kingston upon Thames","E09000021","Total","All ages",172692,"A"
"2024","2024","Merton","E09000024","Total","All ages",218539,"A"
"2024","2024","Redbridge","E09000026","Total","All ages",321231,"A"
"2024","2024","Richmond upon Thames","E09000027","Total","All ages",196678,"A"
"2024","2024","Sutton","E09000029","Total","All ages",214525,"A"
"2024","2024","Waltham Forest","E09000031","Total","All ages",279737,"A"
"2024","2024","Bracknell Forest","E06000036","Total","All ages",130806,"A"
"2024","2024","Brighton and Hove","E06000043","Total","All ages",283870,"A"
"2024","2024","Isle of Wight","E06000046","Total","All ages",141660,"A"
"2024","2024","Medway","E06000035","Total","All ages",292655,"A"
"2024","2024","Milton Keynes","E06000042","Total","All ages",305884,"A"
"2024","2024","Portsmouth","E06000044","Total","All ages",214321,"A"
"2024","2024","Reading","E06000038","Total","All ages",182907,"A"
"2024","2024","Slough","E06000039","Total","All ages",167359,"A"
"2024","2024","Southampton","E06000045","Total","All ages",259424,"A"
"2024","2024","West Berkshire","E06000037","Total","All ages",165112,"A"
"2024","2024","Windsor and Maidenhead","E06000040","Total","All ages",158943,"A"
"2024","2024","Wokingham","E06000041","Total","All ages",187200,"A"
"2024","2024","Aylesbury Vale","E07000004","Total","All ages",,"Q"
"2024","2024","Chiltern","E07000005","Total","All ages",,"Q"
"2024","2024","South Bucks","E07000006","Total","All ages",,"Q"
"2024","2024","Wycombe","E07000007","Total","All ages",,"Q"
"2024","2024","Eastbourne","E07000061","Total","All ages",104259,"A"
"2024","2024","Hastings","E07000062","Total","All ages",91219,"A"
"2024","2024","Lewes","E07000063","Total","All ages",102363,"A"
"2024","2024","Rother","E07000064","Total","All ages",96133,"A"
"2024","2024","Wealden","E07000065","Total","All ages",166908,"A"
"2024","2024","Basingstoke and Deane","E07000084","Total","All ages",193110,"A"
"2024","2024","East Hampshire","E07000085","Total","All ages",129975,"A"
"2024","2024","Eastleigh","E07000086","Total","All ages",142933,"A"
"2024","2024","Fareham","E07000087","Total","All ages",115428,"A"
"2024","2024","Gosport","E07000088","Total","All ages",82921,"A"
"2024","2024","Hart","E07000089","Total","All ages",103162,"A"
"2024","2024","Havant","E07000090","Total","All ages",126985,"A"
"2024","2024","New Forest","E07000091","Total","All ages",176116,"A"
"2024","2024","Rushmoor","E07000092","Total","All ages",105751,"A"
"2024","2024","Test Valley","E07000093","Total","All ages",135201,"A"
"2024","2024","Winchester","E07000094","Total","All ages",135632,"A"
"2024","2024","Ashford","E07000105","Total","All ages",140936,"A"
"2024","2024","Canterbury","E07000106","Total","All ages",162100,"A"
"2024","2024","Dartford","E07000107","Total","All ages",125011,"A"
"2024","2024","Dover","E07000108","Total","All ages",119768,"A"
"2024","2024","Gravesham","E07000109","Total","All ages",110671,"A"
"2024","2024","Maidstone","E07000110","Total","All ages",187767,"A"
"2024","2024","Sevenoaks","E07000111","Total","All ages",122748,"A"
"2024","2024","Folkestone and Hythe","E07000112","Total","All ages",112411,"A"
"2024","2024","Swale","E07000113","Total","All ages",158379,"A"
"2024","2024","Thanet","E07000114","Total","All ages",142691,"A"
"2024","2024","Tonbridge and Malling","E07000115","Total","All ages",136853,"A"
"2024","2024","Tunbridge Wells","E07000116","Total","All ages",119694,"A"
"2024","2024","Cherwell","E07000177","Total","All ages",170426,"A"
"2024","2024","Oxford","E07000178","Total","All ages",166034,"A"
"2024","2024","South Oxfordshire","E07000179","Total","All ages",156470,"A"
"2024","2024","Vale of White Horse","E07000180","Total","All ages",149347,"A"
"2024","2024","West Oxfordshire","E07000181","Total","All ages",120941,"A"
"2024","2024","Elmbridge","E07000207","Total","All ages",141926,"A"
"2024","2024","Epsom and Ewell","E07000208","Total","All ages",83288,"A"
"2024","2024","Guildford","E07000209","Total","All ages",151359,"A"
"2024","2024","Mole Valley","E07000210","Total","All ages",88709,"A"
"2024","2024","Reigate and Banstead","E07000211","Total","All ages",159134,"A"
"2024","2024","Runnymede","E07000212","Total","All ages",92118,"A"
"2024","2024","Spelthorne","E07000213","Total","All ages",107074,"A"
"2024","2024","Surrey Heath","E07000214","Total","All ages",94492,"A"
"2024","2024","Tandridge","E07000215","Total","All ages",90586,"A"
"2024","2024","Waverley","E07000216","Total","All ages",134284,"A"
"2024","2024","Woking","E07000217","Total","All ages",105679,"A"
"2024","2024","Adur","E07000223","Total","All ages",64889,"A"
"2024","2024","Arun","E07000224","Total","All ages",170064,"A"
"2024","2024","Chichester","E07000225","Total","All ages",128934,"A"
"2024","2024","Crawley","E07000226","Total","All ages",124008,"A"
"2024","2024","Horsham","E07000227","Total","All ages",151521,"A"
"2024","2024","Mid Sussex","E07000228","Total","All ages",161755,"A"
"2024","2024","Worthing","E07000229","Total","All ages",113866,"A"
"2024","2024","Bath and North East Somerset","E06000022","Total","All ages",200028,"A"
"2024","2024","Bournemouth, Christchurch and Poole","E06000058","Total","All ages",408967,"A"
"2024","2024","Bristol, City of","E06000023","Total","All ages",494399,"A"
"2024","2024","Cornwall","E06000052","Total","All ages",583289,"A"
"2024","2024","Isles of Scilly","E06000053","Total","All ages",2366,"A"
"2024","2024","North Somerset","E06000024","Total","All ages",224578,"A"
"2024","2024","Plymouth","E06000026","Total","All ages",272067,"A"
"2024","2024","South Gloucestershire","E06000025","Total","All ages",306332,"A"
"2024","2024","Swindon","E06000030","Total","All ages",243875,"A"
"2024","2024","Torbay","E06000027","Total","All ages",140126,"A"
"2024","2024","Wiltshire","E06000054","Total","All ages",523700,"A"
"2024","2024","East Devon","E07000040","Total","All ages",158239,"A"
"2024","2024","Exeter","E07000041","Total","All ages",138399,"A"
"2024","2024","Mid Devon","E07000042","Total","All ages",84993,"A"
"2024","2024","North Devon","E07000043","Total","All ages",101222,"A"
"2024","2024","South Hams","E07000044","Total","All ages",92148,"A"
"2024","2024","Teignbridge","E07000045","Total","All ages",138548,"A"
"2024","2024","Torridge","E07000046","Total","All ages",69841,"A"
"2024","2024","West Devon","E07000047","Total","All ages",58923,"A"
"2024","2024","Dorset","E06000059","Total","All ages",389947,"A"
"2024","2024","Cheltenham","E07000078","Total","All ages",121739,"A"
"2024","2024","Cotswold","E07000079","Total","All ages",91661,"A"
"2024","2024","Forest of Dean","E07000080","Total","All ages",89753,"A"
"2024","2024","Gloucester","E07000081","Total","All ages",138598,"A"
"2024","2024","Stroud","E07000082","Total","All ages",125680,"A"
"2024","2024","Tewkesbury","E07000083","Total","All ages",101949,"A"
"2024","2024","Mendip","E07000187","Total","All ages",,"Q"
"2024","2024","Sedgemoor","E07000188","Total","All ages",,"Q"
"2024","2024","South Somerset","E07000189","Total","All ages",,"Q"
"2024","2024","Somerset West and Taunton","E07000246","Total","All ages",,"Q"
"2024","2024","Isle of Anglesey","W06000001","Total","All ages",69097,"A"
"2024","2024","Gwynedd","W06000002","Total","All ages",120813,"A"
"2024","2024","Conwy","W06000003","Total","All ages",114891,"A"
"2024","2024","Denbighshire","W06000004","Total","All ages",98202,"A"
"2024","2024","Flintshire","W06000005","Total","All ages",155867,"A"
"2024","2024","Wrexham","W06000006","Total","All ages",138245,"A"
"2024","2024","Powys","W06000023","Total","All ages",135059,"A"
"2024","2024","Ceredigion","W06000008","Total","All ages",72599,"A"
"2024","2024","Pembrokeshire","W06000009","Total","All ages",125761,"A"
"2024","2024","Carmarthenshire","W06000010","Total","All ages",190800,"A"
"2024","2024","Swansea","W06000011","Total","All ages",251304,"A"
"2024","2024","Neath Port Talbot","W06000012","Total","All ages",143249,"A"
"2024","2024","Bridgend","W06000013","Total","All ages",147530,"A"
"2024","2024","Vale of Glamorgan","W06000014","Total","All ages",135743,"A"
"2024","2024","Cardiff","W06000015","Total","All ages",383919,"A"
"2024","2024","Rhondda Cynon Taff","W06000016","Total","All ages",242844,"A"
"2024","2024","Merthyr Tydfil","W06000024","Total","All ages",58972,"A"
"2024","2024","Caerphilly","W06000018","Total","All ages",176865,"A"
"2024","2024","Blaenau Gwent","W06000019","Total","All ages",67873,"A"
"2024","2024","Torfaen","W06000020","Total","All ages",94119,"A"
"2024","2024","Monmouthshire","W06000021","Total","All ages",94930,"A"
"2024","2024","Newport","W06000022","Total","All ages",167899,"A"
"2024","2024","Aberdeen City","S12000033","Total","All ages",231780,"A"
"2024","2024","Aberdeenshire","S12000034","Total","All ages",265080,"A"
"2024","2024","Angus","S12000041","Total","All ages",114810,"A"
"2024","2024","Argyll and Bute","S12000035","Total","All ages",87690,"A"
"2024","2024","Clackmannanshire","S12000005","Total","All ages",52110,"A"
"2024","2024","Dumfries and Galloway","S12000006","Total","All ages",145860,"A"
"2024","2024","Dundee City","S12000042","Total","All ages",149880,"A"
"2024","2024","East Ayrshire","S12000008","Total","All ages",121480,"A"
"2024","2024","East Dunbartonshire","S12000045","Total","All ages",109970,"A"
"2024","2024","East Lothian","S12000010","Total","All ages",115180,"A"
"2024","2024","East Renfrewshire","S12000011","Total","All ages",99830,"A"
"2024","2024","City of Edinburgh","S12000036","Total","All ages",530680,"A"
"2024","2024","Na h-Eileanan Siar","S12000013","Total","All ages",26020,"A"
"2024","2024","Falkirk","S12000014","Total","All ages",160020,"A"
"2024","2024","Fife","S12000047","Total","All ages",374760,"A"
"2024","2024","Glasgow City","S12000049","Total","All ages",650300,"A"
"2024","2024","Highland","S12000017","Total","All ages",237290,"A"
"2024","2024","Inverclyde","S12000018","Total","All ages",78880,"A"
"2024","2024","Midlothian","S12000019","Total","All ages",99880,"A"
"2024","2024","Moray","S12000020","Total","All ages",95010,"A"
"2024","2024","North Ayrshire","S12000021","Total","All ages",134010,"A"
"2024","2024","North Lanarkshire","S12000050","Total","All ages",344540,"A"
"2024","2024","Orkney Islands","S12000023","Total","All ages",22020,"A"
"2024","2024","Perth and Kinross","S12000048","Total","All ages",154420,"A"
"2024","2024","Renfrewshire","S12000038","Total","All ages",189170,"A"
"2024","2024","Scottish Borders","S12000026","Total","All ages",116980,"A"
"2024","2024","Shetland Islands","S12000027","Total","All ages",23190,"A"
"2024","2024","South Ayrshire","S12000028","Total","All ages",112260,"A"
"2024","2024","South Lanarkshire","S12000029","Total","All ages",334030,"A"
"2024","2024","Stirling","S12000030","Total","All ages",94210,"A"
"2024","2024","West Dunbartonshire","S12000039","Total","All ages",89120,"A"
"2024","2024","West Lothian","S12000040","Total","All ages",186440,"A"
"2024","2024","Antrim and Newtownabbey","N09000001","Total","All ages",148100,"A"
"2024","2024","Armagh City, Banbridge and Craigavon","N09000002","Total","All ages",222511,"A"
"2024","2024","Belfast","N09000003","Total","All ages",352390,"A"
"2024","2024","Causeway Coast and Glens","N09000004","Total","All ages",141954,"A"
"2024","2024","Derry City and Strabane","N09000005","Total","All ages",152383,"A"
"2024","2024","Fermanagh and Omagh","N09000006","Total","All ages",117687,"A"
"2024","2024","Lisburn and Castlereagh","N09000007","Total","All ages",151669,"A"
"2024","2024","Mid and East Antrim","N09000008","Total","All ages",139913,"A"
"2024","2024","Mid Ulster","N09000009","Total","All ages",152718,"A"
"2024","2024","Newry, Mourne and Down","N09000010","Total","All ages",183115,"A"
"2024","2024","Ards and North Down","N09000011","Total","All ages",165415,"A"
